report_period,HQLA,LCR_outflow_gross,LCR_inflow,LCR_net_outflow,LCR_pct,NSFR_ASF,NSFR_RSF,NSFR_pct,loan_netting_factor,LDR_pct
20230331,999534950.0,914419990.0,31145333.0,883274657.0,113.16,1997103650.0,1427735437.0,139.88,0.9824,45.23
20230630,942976100.0,930976093.0,35363000.0,895613093.0,105.29,2096522800.0,1575183070.0,133.1,0.9832,51.34
20230930,931100000.0,923218045.0,35779333.0,887438712.0,104.92,2080393250.0,1583375940.0,131.39,0.9834,52.73
20231231,1032098900.0,912717663.0,34687000.0,878030663.0,117.55,2121795600.0,1519471328.0,139.64,0.9832,52.39
20240331,979127500.0,946219857.0,34014667.0,912205190.0,107.34,2143824950.0,1641847228.0,130.57,0.9831,51.34
20240630,957416600.0,942688440.0,36452333.0,906236107.0,105.65,2122428800.0,1646693127.0,128.89,0.9828,52.69
20240930,897727650.0,978717540.0,40418667.0,938298873.0,95.68,2123293450.0,1706173745.0,124.45,0.9823,52.49
20241231,989522500.0,957119016.0,37935333.0,919183682.0,107.65,2108931300.0,1580168163.0,133.46,0.9821,53.06
20250331,932204500.0,1010687388.0,51746000.0,958941388.0,97.21,2159361900.0,1710373717.0,126.25,0.9816,51.62
20250630,1002489400.0,1057266877.0,56009667.0,1001257211.0,100.12,2198561450.0,1760348600.0,124.89,0.9826,52.55
20250930,924737050.0,1070439067.0,62385000.0,1008054067.0,91.73,2195717300.0,1827797950.0,120.13,0.9824,54.09
20251231,966079050.0,1079429857.0,65258000.0,1014171857.0,95.26,2231371100.0,1750798895.0,127.45,0.9829,54.56
20260331,974987100.0,1142224419.0,65260333.0,1076964086.0,90.53,2292423000.0,1934750660.0,118.49,0.9831,53.59
20260630,957110300.0,1192667788.0,66994667.0,1125673121.0,85.03,2286536100.0,1987055867.0,115.07,0.9834,54.45
