line_id,field,low,high,note,LCR_at_low,LCR_at_high,delta_LCR_pp,NSFR_at_low,NSFR_at_high,delta_NSFR_pp
A_CASH_FOREIGN,hqla_haircut,0.0,1.0,"L1 reserve (0% haircut) vs ordinary correspondent balance, not HQLA (100% haircut)",85.0,63.3,-21.69,115.1,115.1,0.0
A_CASH_FOREIGN,nsfr_rsf,0.0,0.15,central-bank reserve (0% RSF) vs FI placement <6m (15% RSF),85.0,85.0,0.0,115.1,113.0,-2.08
A_CIPC,nsfr_rsf,0.0,1.0,"near-cash, clears fast (0%) vs conservative 'other asset' (100%, current)",85.0,85.0,0.0,116.1,115.1,-1.06
S_MUNI,hqla_haircut,0.5,1.0,"investment-grade GO muni, L2B (50%, current) vs non-investment-grade, not HQLA (100%)",85.0,83.8,-1.19,115.1,115.1,0.0
S_MUNI,nsfr_rsf,0.5,0.85,L2B RSF (50%) vs non-HQLA RSF (85%),85.0,85.0,0.0,115.1,114.5,-0.54
S_OTHDOM,nsfr_rsf,0.65,1.0,"eligible >=1y non-HQLA bond (65%) vs equity-like/unrated (100%, current more conservative end)",85.0,85.0,0.0,115.9,114.5,-1.42
S_FOR,nsfr_rsf,0.65,1.0,could include foreign sovereign eligible debt (65%) vs fully unrated (100%),85.0,85.0,0.0,115.7,114.6,-1.03
S_OTHER,nsfr_rsf,0.65,1.0,mixed bag -- same bracket as above,85.0,85.0,0.0,115.1,115.0,-0.08
A_TRADE,nsfr_rsf,0.15,1.0,securities-like trading book (15%) vs derivative-like (100%),85.0,85.0,0.0,151.1,109.5,-41.66
A_REVREPO,lcr_inflow,0.0,1.0,"no credit, current (0%) vs full secured-lending inflow credit (100%)",85.0,133.2,48.17,115.1,115.1,0.0
A_REVREPO,nsfr_rsf,0.1,0.15,L1-collateralized (10%) vs other collateral <6m (15%),85.0,85.0,0.0,116.3,115.1,-1.19
L_NBFI_SHORT,lcr_inflow,0.0,1.0,"no credit (0%) vs full 30d maturity credit (100%, current is 33%)",80.2,96.5,16.26,115.1,115.1,0.0
L_OTH_LE12,lcr_inflow,0.0,0.5,"no credit, current (0%) vs retail/SME 30d maturing credit (50%)",85.0,134.1,49.09,115.1,115.1,0.0
L_RECON,nsfr_rsf,0.65,1.0,"mostly performing, just unscheduled (65%) vs non-performing (100%)",85.0,85.0,0.0,115.2,115.0,-0.19
D_DOM_FOR,lcr_outflow,0.4,1.0,"if mostly govt/PSE non-operational (40%) vs FI, current (100%)",89.9,85.0,-4.92,115.1,115.1,0.0
D_DOM_FOR,nsfr_asf,0.0,0.5,"FI, current (0% ASF) vs govt/PSE (50% ASF)",85.0,85.0,0.0,115.1,117.7,2.58
D_FO_IPC,lcr_outflow,0.25,1.0,operational corporate deposit (25%) vs non-bank FI (100%),91.1,67.2,-23.91,115.1,115.1,0.0
B_REPO,lcr_outflow,0.0,1.0,fully L1-collateralized (0%) vs uncollateralized/other (100%),90.2,72.5,-17.72,115.1,115.1,0.0
B_OTHL,lcr_outflow,0.0,0.2,"pure accruals/payables (0%, current) vs some near-term funding mixed in (20%)",85.0,81.8,-3.18,115.1,115.1,0.0
O_OTHER,lcr_outflow,0.1,0.5,mostly corporate credit facility (10%) vs liquidity/FI facility mix (50%),90.8,71.4,-19.37,115.1,115.1,0.0
O_SBLC,lcr_outflow,0.05,0.2,"trade-related SBLC (5%, current) vs non-trade/financial guarantee (20%)",85.0,84.1,-0.9,115.1,115.1,0.0
