report_period,baseline_LCR_pct,idiosyncratic_LCR_pct,idiosyncratic_delta_pp,idiosyncratic_delta_pct_of_baseline,market_wide_LCR_pct,market_wide_delta_pp,market_wide_delta_pct_of_baseline,combined_LCR_pct,combined_delta_pp,combined_delta_pct_of_baseline
20230331,113.2,71.4,-41.7,-36.9,108.2,-5.0,-4.4,69.1,-44.1,-38.9
20230630,105.3,66.6,-38.7,-36.7,100.7,-4.6,-4.4,64.3,-40.9,-38.9
20230930,104.9,66.4,-38.5,-36.7,100.1,-4.9,-4.6,64.0,-40.9,-39.0
20231231,117.5,73.7,-43.9,-37.3,113.4,-4.2,-3.6,71.6,-45.9,-39.1
20240331,107.3,67.9,-39.4,-36.7,102.4,-5.0,-4.6,65.6,-41.8,-38.9
20240630,105.6,66.9,-38.8,-36.7,99.6,-6.0,-5.7,64.0,-41.6,-39.4
20240930,95.7,60.6,-35.1,-36.7,90.0,-5.7,-5.9,57.9,-37.7,-39.5
20241231,107.7,67.6,-40.1,-37.2,102.9,-4.7,-4.4,65.3,-42.4,-39.3
20250331,97.2,61.5,-35.8,-36.8,91.2,-6.0,-6.2,58.6,-38.6,-39.7
20250630,100.1,63.4,-36.7,-36.7,93.5,-6.6,-6.6,60.3,-39.8,-39.7
20250930,91.7,58.1,-33.7,-36.7,85.1,-6.7,-7.3,55.0,-36.8,-40.1
20251231,95.3,59.6,-35.7,-37.5,90.3,-4.9,-5.2,57.2,-38.0,-39.9
20260331,90.5,57.4,-33.2,-36.6,84.0,-6.5,-7.2,54.4,-36.2,-40.0
20260630,85.0,53.8,-31.2,-36.7,79.0,-6.0,-7.1,51.0,-34.0,-40.0
